Crop,State,Cost_A2FL,Cost_C2,CostProd_C2,Yield_QperHa,Season,Area_Hectare,Crop_Year,Production_Tonnes
Arhar,Uttar Pradesh,9794.05,23076.74,1941.55,9.83,Kharif,40456.75,2001,37910.73
Arhar,Karnataka,10593.15,16528.68,2172.46,7.47,Kharif,36916.27,2001,30183.12
Arhar,Gujarat,13468.82,19551.9,1898.3,9.59,Kharif,31602.22,2001,32110.49
Arhar,Andhra Pradesh,17051.66,24171.65,3670.54,6.42,Kharif,30968.47,2001,21653.42
Arhar,Maharashtra,17130.55,25270.26,2775.8,8.72,Kharif,15939.25,2001,15025.81
Cotton,Maharashtra,23711.44,33116.82,2539.47,12.69,Kharif,16253.7,2001,21195.68
Cotton,Punjab,29047.1,50828.83,2003.76,24.39,Kharif,18331.64,2001,48553.2
Cotton,Andhra Pradesh,29140.77,44756.72,2509.99,17.83,Kharif,39174.94,2001,65373.6
Cotton,Gujarat,29616.09,42070.44,2179.26,19.05,Kharif,28578.37,2001,52006.99
Cotton,Haryana,29918.97,44018.18,2127.35,19.9,Kharif,39901.03,2001,73697.22
Gram,Rajasthan,8552.69,12610.85,1691.66,6.83,Rabi,8524.01,2001,5697.07
Gram,Madhya Pradesh,9803.89,16873.17,1551.94,10.29,Rabi,51434.24,2001,52394.56
Gram,Uttar Pradesh,12833.04,21618.43,1882.68,10.93,Rabi,68475.94,2001,72512.27
Gram,Maharashtra,12985.95,18679.33,2277.68,8.05,Rabi,17867.04,2001,15377.88
Gram,Andhra Pradesh,14421.98,26762.09,1559.04,16.69,Rabi,16213.7,2001,26633.53
Groundnut,Karnataka,13647.1,17314.2,3484.01,4.71,Kharif,14296.27,2001,6535.36
Groundnut,Andhra Pradesh,21229.01,30434.61,2554.91,11.97,Kharif,20218.9,2001,24630.04
Groundnut,Tamil Nadu,22507.86,30393.66,2358.0,11.98,Kharif,22499.0,2001,25481.22
Groundnut,Gujarat,22951.28,30114.45,1918.92,13.45,Kharif,23960.35,2001,34301.92
Groundnut,Maharashtra,26078.66,32683.46,3207.35,9.33,Kharif,20970.62,2001,18262.89
Maize,Bihar,13513.92,19857.7,404.43,42.95,Kharif,29468.71,2001,138926.18
Maize,Karnataka,13792.85,20671.54,581.69,31.1,Kharif,12512.84,2001,41211.07
Maize,Rajasthan,14421.46,19810.29,658.77,23.56,Kharif,19387.62,2001,43656.87
Maize,Uttar Pradesh,15635.43,21045.11,1387.36,13.7,Kharif,43644.57,2001,55069.05
Maize,Andhra Pradesh,25687.09,37801.85,840.58,42.68,Kharif,24955.91,2001,113625.01
Moong,Orissa,5483.54,8266.98,2614.14,3.01,Kharif,30324.79,2001,9558.91
Moong,Rajasthan,6204.23,9165.59,2068.67,4.05,Kharif,14969.28,2001,6373.09
Moong,Karnataka,6440.64,7868.64,5777.48,1.32,Kharif,24277.24,2001,3393.12
Moong,Andhra Pradesh,6684.18,13209.32,2228.97,5.9,Kharif,31291.36,2001,17231.01
Moong,Maharashtra,10780.76,15371.45,2261.24,6.7,Kharif,12285.78,2001,8104.08
Paddy,Uttar Pradesh,17022.0,28144.5,732.62,36.61,Kharif,53669.3,2001,184862.58
Paddy,Orissa,17478.05,25909.05,715.04,32.42,Kharif,13129.82,2001,45774.66
Paddy,West Bengal,24731.06,33046.12,731.25,39.04,Kharif,10925.62,2001,44026.8
Paddy,Punjab,25154.75,45291.24,669.86,67.41,Kharif,56096.42,2001,370417.29
Paddy,Andhra Pradesh,29664.84,46450.2,789.9,56.0,Kharif,42099.18,2001,219592.14
Rapeseed And Mustard,Madhya Pradesh,8686.43,17705.93,1279.6,12.94,Rabi,46001.76,2001,58096.27
Rapeseed And Mustard,Rajasthan,11385.7,19259.84,1341.29,13.54,Rabi,20124.23,2001,26663.27
Rapeseed And Mustard,Uttar Pradesh,12774.41,22560.3,1595.56,13.57,Rabi,25403.13,2001,36241.47
Rapeseed And Mustard,Gujarat,13740.64,19083.55,1610.4,11.61,Rabi,31639.03,2001,38009.76
Rapeseed And Mustard,Haryana,14715.27,27507.54,1251.12,19.94,Rabi,29308.98,2001,63099.84
Sugarcane,Uttar Pradesh,24538.32,45239.51,93.64,448.89,Whole Year,26949.69,2001,1215791.77
Sugarcane,Karnataka,55655.44,86765.77,86.53,986.21,Whole Year,24970.66,2001,2318633.92
Sugarcane,Andhra Pradesh,56621.16,91442.63,119.72,757.92,Whole Year,10711.44,2001,851121.65
Sugarcane,Maharashtra,57673.6,85801.95,107.56,744.01,Whole Year,45221.76,2001,3556125.71
Sugarcane,Tamil Nadu,66335.06,89025.27,85.79,1015.45,Whole Year,14241.92,2001,1476609.11
Wheat,Madhya Pradesh,12464.4,22489.75,810.25,23.59,Rabi,39682.25,2001,99112.3
Wheat,Punjab,17945.58,35423.48,804.8,39.83,Rabi,28402.46,2001,114131.93
Wheat,Uttar Pradesh,18979.38,31902.74,769.84,34.99,Rabi,48832.75,2001,173273.62
Wheat,Rajasthan,19119.08,29876.36,683.58,37.19,Rabi,28537.56,2001,105808.27
Arhar,Uttar Pradesh,9794.05,23076.74,1941.55,9.83,Kharif,43432.1,2002,43141.28
Arhar,Karnataka,10593.15,16528.68,2172.46,7.47,Kharif,39948.67,2002,27730.84
Arhar,Gujarat,13468.82,19551.9,1898.3,9.59,Kharif,34439.22,2002,32041.56
Arhar,Andhra Pradesh,17051.66,24171.65,3670.54,6.42,Kharif,31406.78,2002,21846.53
Arhar,Maharashtra,17130.55,25270.26,2775.8,8.72,Kharif,16471.42,2002,13833.38
Cotton,Maharashtra,23711.44,33116.82,2539.47,12.69,Kharif,15564.43,2002,18686.29
Cotton,Punjab,29047.1,50828.83,2003.76,24.39,Kharif,17017.76,2002,41842.58
Cotton,Andhra Pradesh,29140.77,44756.72,2509.99,17.83,Kharif,41783.82,2002,81758.18
Cotton,Gujarat,29616.09,42070.44,2179.26,19.05,Kharif,29143.71,2002,53496.22
Cotton,Haryana,29918.97,44018.18,2127.35,19.9,Kharif,36997.2,2002,76641.88
Gram,Rajasthan,8552.69,12610.85,1691.66,6.83,Rabi,8412.45,2002,6073.73
Gram,Madhya Pradesh,9803.89,16873.17,1551.94,10.29,Rabi,54584.22,2002,54076.33
Gram,Uttar Pradesh,12833.04,21618.43,1882.68,10.93,Rabi,66484.64,2002,76379.5
Gram,Maharashtra,12985.95,18679.33,2277.68,8.05,Rabi,17866.27,2002,14183.88
Gram,Andhra Pradesh,14421.98,26762.09,1559.04,16.69,Rabi,15621.46,2002,26953.85
Groundnut,Karnataka,13647.1,17314.2,3484.01,4.71,Kharif,14135.08,2002,6884.22
Groundnut,Andhra Pradesh,21229.01,30434.61,2554.91,11.97,Kharif,20255.92,2002,24644.93
Groundnut,Tamil Nadu,22507.86,30393.66,2358.0,11.98,Kharif,21095.03,2002,23660.82
Groundnut,Gujarat,22951.28,30114.45,1918.92,13.45,Kharif,23747.6,2002,34187.68
Groundnut,Maharashtra,26078.66,32683.46,3207.35,9.33,Kharif,21080.34,2002,19230.16
Maize,Bihar,13513.92,19857.7,404.43,42.95,Kharif,27860.5,2002,114105.39
Maize,Karnataka,13792.85,20671.54,581.69,31.1,Kharif,12771.02,2002,36831.95
Maize,Rajasthan,14421.46,19810.29,658.77,23.56,Kharif,19090.8,2002,46163.58
Maize,Uttar Pradesh,15635.43,21045.11,1387.36,13.7,Kharif,43447.81,2002,62021.2
Maize,Andhra Pradesh,25687.09,37801.85,840.58,42.68,Kharif,25819.15,2002,101709.47
Moong,Orissa,5483.54,8266.98,2614.14,3.01,Kharif,31770.83,2002,9679.47
Moong,Rajasthan,6204.23,9165.59,2068.67,4.05,Kharif,14762.68,2002,5744.33
Moong,Karnataka,6440.64,7868.64,5777.48,1.32,Kharif,24131.99,2002,3300.52
Moong,Andhra Pradesh,6684.18,13209.32,2228.97,5.9,Kharif,29614.85,2002,16623.34
Moong,Maharashtra,10780.76,15371.45,2261.24,6.7,Kharif,11554.44,2002,8084.95
Paddy,Uttar Pradesh,17022.0,28144.5,732.62,36.61,Kharif,59122.96,2002,214200.76
Paddy,Orissa,17478.05,25909.05,715.04,32.42,Kharif,12975.51,2002,45794.18
Paddy,West Bengal,24731.06,33046.12,731.25,39.04,Kharif,11448.5,2002,42225.72
Paddy,Punjab,25154.75,45291.24,669.86,67.41,Kharif,58456.52,2002,386722.8
Paddy,Andhra Pradesh,29664.84,46450.2,789.9,56.0,Kharif,45052.93,2002,237265.91
Rapeseed And Mustard,Madhya Pradesh,8686.43,17705.93,1279.6,12.94,Rabi,46773.42,2002,65756.86
Rapeseed And Mustard,Rajasthan,11385.7,19259.84,1341.29,13.54,Rabi,19418.91,2002,28342.0
Rapeseed And Mustard,Uttar Pradesh,12774.41,22560.3,1595.56,13.57,Rabi,25840.98,2002,33889.02
Rapeseed And Mustard,Gujarat,13740.64,19083.55,1610.4,11.61,Rabi,30617.28,2002,36925.77
Rapeseed And Mustard,Haryana,14715.27,27507.54,1251.12,19.94,Rabi,29364.8,2002,62482.34
Sugarcane,Uttar Pradesh,24538.32,45239.51,93.64,448.89,Whole Year,26723.31,2002,1223497.72
Sugarcane,Karnataka,55655.44,86765.77,86.53,986.21,Whole Year,22711.36,2002,2274169.34
Sugarcane,Andhra Pradesh,56621.16,91442.63,119.72,757.92,Whole Year,10386.92,2002,758537.29
Sugarcane,Maharashtra,57673.6,85801.95,107.56,744.01,Whole Year,44875.49,2002,3127631.79
Sugarcane,Tamil Nadu,66335.06,89025.27,85.79,1015.45,Whole Year,14873.31,2002,1633398.79
Wheat,Madhya Pradesh,12464.4,22489.75,810.25,23.59,Rabi,42326.35,2002,108042.9
Wheat,Punjab,17945.58,35423.48,804.8,39.83,Rabi,30231.23,2002,124499.94
Wheat,Uttar Pradesh,18979.38,31902.74,769.84,34.99,Rabi,50539.24,2002,173481.39
Wheat,Rajasthan,19119.08,29876.36,683.58,37.19,Rabi,26860.5,2002,98181.79
Arhar,Uttar Pradesh,9794.05,23076.74,1941.55,9.83,Kharif,40888.45,2003,43694.08
Arhar,Karnataka,10593.15,16528.68,2172.46,7.47,Kharif,38508.32,2003,28681.52
Arhar,Gujarat,13468.82,19551.9,1898.3,9.59,Kharif,34050.99,2003,35724.39
Arhar,Andhra Pradesh,17051.66,24171.65,3670.54,6.42,Kharif,29683.49,2003,20837.69
Arhar,Maharashtra,17130.55,25270.26,2775.8,8.72,Kharif,16440.33,2003,15390.26
Cotton,Maharashtra,23711.44,33116.82,2539.47,12.69,Kharif,15566.39,2003,19220.41
Cotton,Punjab,29047.1,50828.83,2003.76,24.39,Kharif,16824.1,2003,40595.64
Cotton,Andhra Pradesh,29140.77,44756.72,2509.99,17.83,Kharif,40308.33,2003,77130.95
Cotton,Gujarat,29616.09,42070.44,2179.26,19.05,Kharif,28953.98,2003,53891.25
Cotton,Haryana,29918.97,44018.18,2127.35,19.9,Kharif,39441.46,2003,74604.01
Gram,Rajasthan,8552.69,12610.85,1691.66,6.83,Rabi,8959.72,2003,6243.25
Gram,Madhya Pradesh,9803.89,16873.17,1551.94,10.29,Rabi,56261.74,2003,63017.35
Gram,Uttar Pradesh,12833.04,21618.43,1882.68,10.93,Rabi,70060.58,2003,80044.0
Gram,Maharashtra,12985.95,18679.33,2277.68,8.05,Rabi,18166.14,2003,14954.4
Gram,Andhra Pradesh,14421.98,26762.09,1559.04,16.69,Rabi,16004.59,2003,25041.96
Groundnut,Karnataka,13647.1,17314.2,3484.01,4.71,Kharif,13551.11,2003,6578.53
Groundnut,Andhra Pradesh,21229.01,30434.61,2554.91,11.97,Kharif,19830.95,2003,26068.91
Groundnut,Tamil Nadu,22507.86,30393.66,2358.0,11.98,Kharif,20778.72,2003,23529.15
Groundnut,Gujarat,22951.28,30114.45,1918.92,13.45,Kharif,22150.43,2003,30188.55
Groundnut,Maharashtra,26078.66,32683.46,3207.35,9.33,Kharif,22650.77,2003,22780.02
Maize,Bihar,13513.92,19857.7,404.43,42.95,Kharif,29308.28,2003,132593.24
Maize,Karnataka,13792.85,20671.54,581.69,31.1,Kharif,12708.06,2003,41318.85
Maize,Rajasthan,14421.46,19810.29,658.77,23.56,Kharif,18638.1,2003,45950.92
Maize,Uttar Pradesh,15635.43,21045.11,1387.36,13.7,Kharif,40610.14,2003,54785.13
Maize,Andhra Pradesh,25687.09,37801.85,840.58,42.68,Kharif,24545.23,2003,101914.47
Moong,Orissa,5483.54,8266.98,2614.14,3.01,Kharif,30767.16,2003,9869.22
Moong,Rajasthan,6204.23,9165.59,2068.67,4.05,Kharif,15463.68,2003,6675.01
Moong,Karnataka,6440.64,7868.64,5777.48,1.32,Kharif,24980.31,2003,3548.24
Moong,Andhra Pradesh,6684.18,13209.32,2228.97,5.9,Kharif,30812.75,2003,19713.57
Moong,Maharashtra,10780.76,15371.45,2261.24,6.7,Kharif,11597.07,2003,7863.6
Paddy,Uttar Pradesh,17022.0,28144.5,732.62,36.61,Kharif,59020.53,2003,218293.88
Paddy,Orissa,17478.05,25909.05,715.04,32.42,Kharif,13427.74,2003,46305.47
Paddy,West Bengal,24731.06,33046.12,731.25,39.04,Kharif,11076.48,2003,44842.27
Paddy,Punjab,25154.75,45291.24,669.86,67.41,Kharif,58344.48,2003,411531.19
Paddy,Andhra Pradesh,29664.84,46450.2,789.9,56.0,Kharif,43410.9,2003,258475.4
Rapeseed And Mustard,Madhya Pradesh,8686.43,17705.93,1279.6,12.94,Rabi,45581.45,2003,63712.84
Rapeseed And Mustard,Rajasthan,11385.7,19259.84,1341.29,13.54,Rabi,18993.16,2003,25223.98
Rapeseed And Mustard,Uttar Pradesh,12774.41,22560.3,1595.56,13.57,Rabi,26527.13,2003,35551.13
Rapeseed And Mustard,Gujarat,13740.64,19083.55,1610.4,11.61,Rabi,30046.16,2003,32683.02
Rapeseed And Mustard,Haryana,14715.27,27507.54,1251.12,19.94,Rabi,27622.93,2003,56407.03
Sugarcane,Uttar Pradesh,24538.32,45239.51,93.64,448.89,Whole Year,26081.87,2003,1084700.49
Sugarcane,Karnataka,55655.44,86765.77,86.53,986.21,Whole Year,22750.5,2003,2252220.18
Sugarcane,Andhra Pradesh,56621.16,91442.63,119.72,757.92,Whole Year,10601.91,2003,817743.36
Sugarcane,Maharashtra,57673.6,85801.95,107.56,744.01,Whole Year,47317.24,2003,3420389.72
Sugarcane,Tamil Nadu,66335.06,89025.27,85.79,1015.45,Whole Year,14209.05,2003,1480877.27
Wheat,Madhya Pradesh,12464.4,22489.75,810.25,23.59,Rabi,38860.15,2003,84840.68
Wheat,Punjab,17945.58,35423.48,804.8,39.83,Rabi,29002.66,2003,107052.77
Wheat,Uttar Pradesh,18979.38,31902.74,769.84,34.99,Rabi,51068.24,2003,190850.71
Wheat,Rajasthan,19119.08,29876.36,683.58,37.19,Rabi,27305.79,2003,100010.15
Arhar,Uttar Pradesh,9794.05,23076.74,1941.55,9.83,Kharif,41928.84,2004,41137.46
Arhar,Karnataka,10593.15,16528.68,2172.46,7.47,Kharif,39484.92,2004,29251.33
Arhar,Gujarat,13468.82,19551.9,1898.3,9.59,Kharif,32627.97,2004,32255.62
Arhar,Andhra Pradesh,17051.66,24171.65,3670.54,6.42,Kharif,31867.75,2004,21161.19
Arhar,Maharashtra,17130.55,25270.26,2775.8,8.72,Kharif,16822.84,2004,13615.58
Cotton,Maharashtra,23711.44,33116.82,2539.47,12.69,Kharif,16124.47,2004,20204.75
Cotton,Punjab,29047.1,50828.83,2003.76,24.39,Kharif,18055.64,2004,45475.75
Cotton,Andhra Pradesh,29140.77,44756.72,2509.99,17.83,Kharif,41205.15,2004,74244.95
Cotton,Gujarat,29616.09,42070.44,2179.26,19.05,Kharif,27692.34,2004,56666.57
Cotton,Haryana,29918.97,44018.18,2127.35,19.9,Kharif,40472.96,2004,83647.25
Gram,Rajasthan,8552.69,12610.85,1691.66,6.83,Rabi,8766.23,2004,5683.95
Gram,Madhya Pradesh,9803.89,16873.17,1551.94,10.29,Rabi,55459.4,2004,53227.2
Gram,Uttar Pradesh,12833.04,21618.43,1882.68,10.93,Rabi,68687.87,2004,77751.2
Gram,Maharashtra,12985.95,18679.33,2277.68,8.05,Rabi,19225.02,2004,14311.9
Gram,Andhra Pradesh,14421.98,26762.09,1559.04,16.69,Rabi,15373.46,2004,26311.04
Groundnut,Karnataka,13647.1,17314.2,3484.01,4.71,Kharif,13190.52,2004,6767.17
Groundnut,Andhra Pradesh,21229.01,30434.61,2554.91,11.97,Kharif,20761.57,2004,25437.73
Groundnut,Tamil Nadu,22507.86,30393.66,2358.0,11.98,Kharif,20806.55,2004,24673.76
Groundnut,Gujarat,22951.28,30114.45,1918.92,13.45,Kharif,22834.02,2004,31810.99
Groundnut,Maharashtra,26078.66,32683.46,3207.35,9.33,Kharif,22623.52,2004,21160.21
Maize,Bihar,13513.92,19857.7,404.43,42.95,Kharif,29633.31,2004,129592.88
Maize,Karnataka,13792.85,20671.54,581.69,31.1,Kharif,12555.33,2004,42540.37
Maize,Rajasthan,14421.46,19810.29,658.77,23.56,Kharif,19057.33,2004,44427.56
Maize,Uttar Pradesh,15635.43,21045.11,1387.36,13.7,Kharif,41765.28,2004,62540.57
Maize,Andhra Pradesh,25687.09,37801.85,840.58,42.68,Kharif,24892.89,2004,115057.09
Moong,Orissa,5483.54,8266.98,2614.14,3.01,Kharif,31014.63,2004,8917.57
Moong,Rajasthan,6204.23,9165.59,2068.67,4.05,Kharif,15653.4,2004,5911.61
Moong,Karnataka,6440.64,7868.64,5777.48,1.32,Kharif,25072.69,2004,3104.86
Moong,Andhra Pradesh,6684.18,13209.32,2228.97,5.9,Kharif,31211.19,2004,17001.83
Moong,Maharashtra,10780.76,15371.45,2261.24,6.7,Kharif,12201.45,2004,7659.95
Paddy,Uttar Pradesh,17022.0,28144.5,732.62,36.61,Kharif,54144.94,2004,206736.63
Paddy,Orissa,17478.05,25909.05,715.04,32.42,Kharif,13108.4,2004,39642.2
Paddy,West Bengal,24731.06,33046.12,731.25,39.04,Kharif,10529.18,2004,40177.57
Paddy,Punjab,25154.75,45291.24,669.86,67.41,Kharif,57985.63,2004,419054.89
Paddy,Andhra Pradesh,29664.84,46450.2,789.9,56.0,Kharif,43506.87,2004,225167.98
Rapeseed And Mustard,Madhya Pradesh,8686.43,17705.93,1279.6,12.94,Rabi,48574.04,2004,67041.21
Rapeseed And Mustard,Rajasthan,11385.7,19259.84,1341.29,13.54,Rabi,18983.41,2004,24951.29
Rapeseed And Mustard,Uttar Pradesh,12774.41,22560.3,1595.56,13.57,Rabi,24870.05,2004,31766.59
Rapeseed And Mustard,Gujarat,13740.64,19083.55,1610.4,11.61,Rabi,30452.27,2004,36960.65
Rapeseed And Mustard,Haryana,14715.27,27507.54,1251.12,19.94,Rabi,29477.0,2004,60729.11
Sugarcane,Uttar Pradesh,24538.32,45239.51,93.64,448.89,Whole Year,27645.29,2004,1337696.74
Sugarcane,Karnataka,55655.44,86765.77,86.53,986.21,Whole Year,22894.51,2004,2375995.44
Sugarcane,Andhra Pradesh,56621.16,91442.63,119.72,757.92,Whole Year,9812.2,2004,791748.15
Sugarcane,Maharashtra,57673.6,85801.95,107.56,744.01,Whole Year,47304.77,2004,3416633.27
Sugarcane,Tamil Nadu,66335.06,89025.27,85.79,1015.45,Whole Year,13637.21,2004,1318236.24
Wheat,Madhya Pradesh,12464.4,22489.75,810.25,23.59,Rabi,41791.62,2004,104019.59
Wheat,Punjab,17945.58,35423.48,804.8,39.83,Rabi,29625.66,2004,125696.11
Wheat,Uttar Pradesh,18979.38,31902.74,769.84,34.99,Rabi,49060.41,2004,188535.23
Wheat,Rajasthan,19119.08,29876.36,683.58,37.19,Rabi,27056.35,2004,100046.12
Arhar,Uttar Pradesh,9794.05,23076.74,1941.55,9.83,Kharif,42284.07,2005,45621.81
Arhar,Karnataka,10593.15,16528.68,2172.46,7.47,Kharif,38884.44,2005,28679.78
Arhar,Gujarat,13468.82,19551.9,1898.3,9.59,Kharif,32417.69,2005,30675.57
Arhar,Andhra Pradesh,17051.66,24171.65,3670.54,6.42,Kharif,29598.87,2005,20262.41
Arhar,Maharashtra,17130.55,25270.26,2775.8,8.72,Kharif,16181.79,2005,15387.59
Cotton,Maharashtra,23711.44,33116.82,2539.47,12.69,Kharif,16001.63,2005,22285.51
Cotton,Punjab,29047.1,50828.83,2003.76,24.39,Kharif,17761.11,2005,45728.25
Cotton,Andhra Pradesh,29140.77,44756.72,2509.99,17.83,Kharif,38485.58,2005,67777.6
Cotton,Gujarat,29616.09,42070.44,2179.26,19.05,Kharif,30204.8,2005,53801.77
Cotton,Haryana,29918.97,44018.18,2127.35,19.9,Kharif,40798.45,2005,86051.03
Gram,Rajasthan,8552.69,12610.85,1691.66,6.83,Rabi,8935.25,2005,6227.96
Gram,Madhya Pradesh,9803.89,16873.17,1551.94,10.29,Rabi,53899.98,2005,55261.19
Gram,Uttar Pradesh,12833.04,21618.43,1882.68,10.93,Rabi,68614.27,2005,81230.8
Gram,Maharashtra,12985.95,18679.33,2277.68,8.05,Rabi,19073.88,2005,14433.44
Gram,Andhra Pradesh,14421.98,26762.09,1559.04,16.69,Rabi,15832.88,2005,26654.25
Groundnut,Karnataka,13647.1,17314.2,3484.01,4.71,Kharif,13401.03,2005,5819.83
Groundnut,Andhra Pradesh,21229.01,30434.61,2554.91,11.97,Kharif,20772.63,2005,24973.22
Groundnut,Tamil Nadu,22507.86,30393.66,2358.0,11.98,Kharif,22392.87,2005,24952.4
Groundnut,Gujarat,22951.28,30114.45,1918.92,13.45,Kharif,24300.16,2005,30768.03
Groundnut,Maharashtra,26078.66,32683.46,3207.35,9.33,Kharif,22137.83,2005,19439.17
Maize,Bihar,13513.92,19857.7,404.43,42.95,Kharif,28677.19,2005,127708.26
Maize,Karnataka,13792.85,20671.54,581.69,31.1,Kharif,12361.9,2005,40532.64
Maize,Rajasthan,14421.46,19810.29,658.77,23.56,Kharif,19623.28,2005,47388.55
Maize,Uttar Pradesh,15635.43,21045.11,1387.36,13.7,Kharif,43518.51,2005,65176.44
Maize,Andhra Pradesh,25687.09,37801.85,840.58,42.68,Kharif,24262.53,2005,102255.66
Moong,Orissa,5483.54,8266.98,2614.14,3.01,Kharif,30060.72,2005,8789.75
Moong,Rajasthan,6204.23,9165.59,2068.67,4.05,Kharif,15197.83,2005,6625.05
Moong,Karnataka,6440.64,7868.64,5777.48,1.32,Kharif,25214.97,2005,3196.06
Moong,Andhra Pradesh,6684.18,13209.32,2228.97,5.9,Kharif,31804.68,2005,20517.02
Moong,Maharashtra,10780.76,15371.45,2261.24,6.7,Kharif,11443.48,2005,7070.54
Paddy,Uttar Pradesh,17022.0,28144.5,732.62,36.61,Kharif,56984.08,2005,228349.5
Paddy,Orissa,17478.05,25909.05,715.04,32.42,Kharif,12959.5,2005,38979.93
Paddy,West Bengal,24731.06,33046.12,731.25,39.04,Kharif,11534.29,2005,48650.53
Paddy,Punjab,25154.75,45291.24,669.86,67.41,Kharif,59673.87,2005,408289.93
Paddy,Andhra Pradesh,29664.84,46450.2,789.9,56.0,Kharif,45243.37,2005,278378.32
Rapeseed And Mustard,Madhya Pradesh,8686.43,17705.93,1279.6,12.94,Rabi,46614.7,2005,56295.11
Rapeseed And Mustard,Rajasthan,11385.7,19259.84,1341.29,13.54,Rabi,19106.56,2005,26379.77
Rapeseed And Mustard,Uttar Pradesh,12774.41,22560.3,1595.56,13.57,Rabi,25274.35,2005,37537.51
Rapeseed And Mustard,Gujarat,13740.64,19083.55,1610.4,11.61,Rabi,30178.74,2005,35533.56
Rapeseed And Mustard,Haryana,14715.27,27507.54,1251.12,19.94,Rabi,29773.48,2005,61344.79
Sugarcane,Uttar Pradesh,24538.32,45239.51,93.64,448.89,Whole Year,28177.21,2005,1322061.83
Sugarcane,Karnataka,55655.44,86765.77,86.53,986.21,Whole Year,25037.27,2005,2473688.11
Sugarcane,Andhra Pradesh,56621.16,91442.63,119.72,757.92,Whole Year,10746.45,2005,841341.06
Sugarcane,Maharashtra,57673.6,85801.95,107.56,744.01,Whole Year,46629.87,2005,3556654.28
Sugarcane,Tamil Nadu,66335.06,89025.27,85.79,1015.45,Whole Year,14629.04,2005,1607626.99
Wheat,Madhya Pradesh,12464.4,22489.75,810.25,23.59,Rabi,42289.25,2005,92595.59
Wheat,Punjab,17945.58,35423.48,804.8,39.83,Rabi,30041.92,2005,116135.87
Wheat,Uttar Pradesh,18979.38,31902.74,769.84,34.99,Rabi,49910.4,2005,190541.34
Wheat,Rajasthan,19119.08,29876.36,683.58,37.19,Rabi,28088.67,2005,112844.56
Arhar,Uttar Pradesh,9794.05,23076.74,1941.55,9.83,Kharif,40892.63,2006,37916.2
Arhar,Karnataka,10593.15,16528.68,2172.46,7.47,Kharif,37085.37,2006,30243.92
Arhar,Gujarat,13468.82,19551.9,1898.3,9.59,Kharif,31958.3,2006,31540.22
Arhar,Andhra Pradesh,17051.66,24171.65,3670.54,6.42,Kharif,30982.11,2006,19117.88
Arhar,Maharashtra,17130.55,25270.26,2775.8,8.72,Kharif,15724.1,2006,14272.3
Cotton,Maharashtra,23711.44,33116.82,2539.47,12.69,Kharif,15989.15,2006,20924.57
Cotton,Punjab,29047.1,50828.83,2003.76,24.39,Kharif,18312.65,2006,43970.88
Cotton,Andhra Pradesh,29140.77,44756.72,2509.99,17.83,Kharif,40077.71,2006,67202.51
Cotton,Gujarat,29616.09,42070.44,2179.26,19.05,Kharif,29319.98,2006,58138.07
Cotton,Haryana,29918.97,44018.18,2127.35,19.9,Kharif,37631.86,2006,75910.02
Gram,Rajasthan,8552.69,12610.85,1691.66,6.83,Rabi,8492.03,2006,6142.36
Gram,Madhya Pradesh,9803.89,16873.17,1551.94,10.29,Rabi,51240.3,2006,53444.9
Gram,Uttar Pradesh,12833.04,21618.43,1882.68,10.93,Rabi,67630.87,2006,79345.77
Gram,Maharashtra,12985.95,18679.33,2277.68,8.05,Rabi,18084.09,2006,14839.29
Gram,Andhra Pradesh,14421.98,26762.09,1559.04,16.69,Rabi,15043.59,2006,25634.23
Groundnut,Karnataka,13647.1,17314.2,3484.01,4.71,Kharif,13298.51,2006,6750.89
Groundnut,Andhra Pradesh,21229.01,30434.61,2554.91,11.97,Kharif,19195.79,2006,22807.95
Groundnut,Tamil Nadu,22507.86,30393.66,2358.0,11.98,Kharif,21608.1,2006,24440.04
Groundnut,Gujarat,22951.28,30114.45,1918.92,13.45,Kharif,22571.29,2006,28087.0
Groundnut,Maharashtra,26078.66,32683.46,3207.35,9.33,Kharif,21355.33,2006,21038.8
Maize,Bihar,13513.92,19857.7,404.43,42.95,Kharif,28365.28,2006,125685.46
Maize,Karnataka,13792.85,20671.54,581.69,31.1,Kharif,12701.1,2006,41346.45
Maize,Rajasthan,14421.46,19810.29,658.77,23.56,Kharif,17942.83,2006,40511.93
Maize,Uttar Pradesh,15635.43,21045.11,1387.36,13.7,Kharif,43238.69,2006,55952.13
Maize,Andhra Pradesh,25687.09,37801.85,840.58,42.68,Kharif,25743.62,2006,101371.52
Moong,Orissa,5483.54,8266.98,2614.14,3.01,Kharif,30235.51,2006,8947.14
Moong,Rajasthan,6204.23,9165.59,2068.67,4.05,Kharif,15962.79,2006,6634.22
Moong,Karnataka,6440.64,7868.64,5777.48,1.32,Kharif,25484.76,2006,3332.38
Moong,Andhra Pradesh,6684.18,13209.32,2228.97,5.9,Kharif,28995.8,2006,17086.06
Moong,Maharashtra,10780.76,15371.45,2261.24,6.7,Kharif,11593.44,2006,8410.36
Paddy,Uttar Pradesh,17022.0,28144.5,732.62,36.61,Kharif,58181.28,2006,209313.75
Paddy,Orissa,17478.05,25909.05,715.04,32.42,Kharif,13441.33,2006,44122.29
Paddy,West Bengal,24731.06,33046.12,731.25,39.04,Kharif,10669.05,2006,44195.14
Paddy,Punjab,25154.75,45291.24,669.86,67.41,Kharif,56022.8,2006,374393.49
Paddy,Andhra Pradesh,29664.84,46450.2,789.9,56.0,Kharif,43195.9,2006,249631.84
Rapeseed And Mustard,Madhya Pradesh,8686.43,17705.93,1279.6,12.94,Rabi,46688.72,2006,64959.97
Rapeseed And Mustard,Rajasthan,11385.7,19259.84,1341.29,13.54,Rabi,19498.6,2006,28801.33
Rapeseed And Mustard,Uttar Pradesh,12774.41,22560.3,1595.56,13.57,Rabi,25521.34,2006,32778.69
Rapeseed And Mustard,Gujarat,13740.64,19083.55,1610.4,11.61,Rabi,31461.38,2006,39696.66
Rapeseed And Mustard,Haryana,14715.27,27507.54,1251.12,19.94,Rabi,29436.67,2006,59200.39
Sugarcane,Uttar Pradesh,24538.32,45239.51,93.64,448.89,Whole Year,26056.4,2006,1130443.88
Sugarcane,Karnataka,55655.44,86765.77,86.53,986.21,Whole Year,23255.33,2006,2299528.82
Sugarcane,Andhra Pradesh,56621.16,91442.63,119.72,757.92,Whole Year,10456.42,2006,868915.88
Sugarcane,Maharashtra,57673.6,85801.95,107.56,744.01,Whole Year,48205.51,2006,3617637.94
Sugarcane,Tamil Nadu,66335.06,89025.27,85.79,1015.45,Whole Year,14262.48,2006,1418123.45
Wheat,Madhya Pradesh,12464.4,22489.75,810.25,23.59,Rabi,40618.48,2006,99078.0
Wheat,Punjab,17945.58,35423.48,804.8,39.83,Rabi,27886.74,2006,106988.31
Wheat,Uttar Pradesh,18979.38,31902.74,769.84,34.99,Rabi,50934.81,2006,166396.91
Wheat,Rajasthan,19119.08,29876.36,683.58,37.19,Rabi,28320.35,2006,99340.84
Arhar,Uttar Pradesh,9794.05,23076.74,1941.55,9.83,Kharif,42776.57,2007,40520.65
Arhar,Karnataka,10593.15,16528.68,2172.46,7.47,Kharif,37577.48,2007,27185.14
Arhar,Gujarat,13468.82,19551.9,1898.3,9.59,Kharif,34049.33,2007,32258.57
Arhar,Andhra Pradesh,17051.66,24171.65,3670.54,6.42,Kharif,29595.58,2007,17548.98
Arhar,Maharashtra,17130.55,25270.26,2775.8,8.72,Kharif,15954.39,2007,13605.8
Cotton,Maharashtra,23711.44,33116.82,2539.47,12.69,Kharif,16118.69,2007,19596.76
Cotton,Punjab,29047.1,50828.83,2003.76,24.39,Kharif,17627.16,2007,42087.63
Cotton,Andhra Pradesh,29140.77,44756.72,2509.99,17.83,Kharif,39147.28,2007,65720.32
Cotton,Gujarat,29616.09,42070.44,2179.26,19.05,Kharif,27726.11,2007,57059.28
Cotton,Haryana,29918.97,44018.18,2127.35,19.9,Kharif,39337.15,2007,80382.51
Gram,Rajasthan,8552.69,12610.85,1691.66,6.83,Rabi,8576.44,2007,6105.13
Gram,Madhya Pradesh,9803.89,16873.17,1551.94,10.29,Rabi,54142.42,2007,59169.56
Gram,Uttar Pradesh,12833.04,21618.43,1882.68,10.93,Rabi,67528.95,2007,74526.54
Gram,Maharashtra,12985.95,18679.33,2277.68,8.05,Rabi,18458.68,2007,13902.98
Gram,Andhra Pradesh,14421.98,26762.09,1559.04,16.69,Rabi,15596.36,2007,26464.49
Groundnut,Karnataka,13647.1,17314.2,3484.01,4.71,Kharif,13247.37,2007,6399.44
Groundnut,Andhra Pradesh,21229.01,30434.61,2554.91,11.97,Kharif,19626.7,2007,24766.0
Groundnut,Tamil Nadu,22507.86,30393.66,2358.0,11.98,Kharif,20900.11,2007,24980.71
Groundnut,Gujarat,22951.28,30114.45,1918.92,13.45,Kharif,22238.85,2007,28205.25
Groundnut,Maharashtra,26078.66,32683.46,3207.35,9.33,Kharif,22709.89,2007,20575.55
Maize,Bihar,13513.92,19857.7,404.43,42.95,Kharif,27851.86,2007,117871.83
Maize,Karnataka,13792.85,20671.54,581.69,31.1,Kharif,12850.02,2007,41412.84
Maize,Rajasthan,14421.46,19810.29,658.77,23.56,Kharif,18347.85,2007,44210.53
Maize,Uttar Pradesh,15635.43,21045.11,1387.36,13.7,Kharif,42743.69,2007,57627.62
Maize,Andhra Pradesh,25687.09,37801.85,840.58,42.68,Kharif,26079.98,2007,122170.11
Moong,Orissa,5483.54,8266.98,2614.14,3.01,Kharif,31857.07,2007,9867.44
Moong,Rajasthan,6204.23,9165.59,2068.67,4.05,Kharif,15344.19,2007,5982.61
Moong,Karnataka,6440.64,7868.64,5777.48,1.32,Kharif,24239.9,2007,3002.31
Moong,Andhra Pradesh,6684.18,13209.32,2228.97,5.9,Kharif,29868.58,2007,16697.54
Moong,Maharashtra,10780.76,15371.45,2261.24,6.7,Kharif,12367.36,2007,7990.09
Paddy,Uttar Pradesh,17022.0,28144.5,732.62,36.61,Kharif,58319.13,2007,202601.0
Paddy,Orissa,17478.05,25909.05,715.04,32.42,Kharif,13725.64,2007,42433.0
Paddy,West Bengal,24731.06,33046.12,731.25,39.04,Kharif,10602.7,2007,40205.67
Paddy,Punjab,25154.75,45291.24,669.86,67.41,Kharif,59031.95,2007,378518.06
Paddy,Andhra Pradesh,29664.84,46450.2,789.9,56.0,Kharif,45681.05,2007,276641.68
Rapeseed And Mustard,Madhya Pradesh,8686.43,17705.93,1279.6,12.94,Rabi,45270.5,2007,54739.64
Rapeseed And Mustard,Rajasthan,11385.7,19259.84,1341.29,13.54,Rabi,18435.32,2007,25321.17
Rapeseed And Mustard,Uttar Pradesh,12774.41,22560.3,1595.56,13.57,Rabi,26483.88,2007,35718.37
Rapeseed And Mustard,Gujarat,13740.64,19083.55,1610.4,11.61,Rabi,31814.87,2007,40513.61
Rapeseed And Mustard,Haryana,14715.27,27507.54,1251.12,19.94,Rabi,29707.72,2007,55692.85
Sugarcane,Uttar Pradesh,24538.32,45239.51,93.64,448.89,Whole Year,26338.07,2007,1172374.95
Sugarcane,Karnataka,55655.44,86765.77,86.53,986.21,Whole Year,24549.74,2007,2649927.07
Sugarcane,Andhra Pradesh,56621.16,91442.63,119.72,757.92,Whole Year,9932.52,2007,809861.65
Sugarcane,Maharashtra,57673.6,85801.95,107.56,744.01,Whole Year,44813.1,2007,3557770.1
Sugarcane,Tamil Nadu,66335.06,89025.27,85.79,1015.45,Whole Year,13767.56,2007,1351084.65
Wheat,Madhya Pradesh,12464.4,22489.75,810.25,23.59,Rabi,41762.12,2007,93665.85
Wheat,Punjab,17945.58,35423.48,804.8,39.83,Rabi,29506.52,2007,122267.26
Wheat,Uttar Pradesh,18979.38,31902.74,769.84,34.99,Rabi,51322.18,2007,195251.11
Wheat,Rajasthan,19119.08,29876.36,683.58,37.19,Rabi,27829.78,2007,105591.42
Arhar,Uttar Pradesh,9794.05,23076.74,1941.55,9.83,Kharif,41120.08,2008,43569.68
Arhar,Karnataka,10593.15,16528.68,2172.46,7.47,Kharif,39992.24,2008,29594.58
Arhar,Gujarat,13468.82,19551.9,1898.3,9.59,Kharif,33432.29,2008,34209.3
Arhar,Andhra Pradesh,17051.66,24171.65,3670.54,6.42,Kharif,30248.79,2008,19401.16
Arhar,Maharashtra,17130.55,25270.26,2775.8,8.72,Kharif,16179.04,2008,13936.71
Cotton,Maharashtra,23711.44,33116.82,2539.47,12.69,Kharif,16966.16,2008,21600.73
Cotton,Punjab,29047.1,50828.83,2003.76,24.39,Kharif,17003.18,2008,40402.8
Cotton,Andhra Pradesh,29140.77,44756.72,2509.99,17.83,Kharif,40528.83,2008,76206.27
Cotton,Gujarat,29616.09,42070.44,2179.26,19.05,Kharif,28853.78,2008,55543.03
Cotton,Haryana,29918.97,44018.18,2127.35,19.9,Kharif,39340.39,2008,75296.66
Gram,Rajasthan,8552.69,12610.85,1691.66,6.83,Rabi,8339.42,2008,6162.45
Gram,Madhya Pradesh,9803.89,16873.17,1551.94,10.29,Rabi,55704.65,2008,56695.32
Gram,Uttar Pradesh,12833.04,21618.43,1882.68,10.93,Rabi,72969.08,2008,81178.0
Gram,Maharashtra,12985.95,18679.33,2277.68,8.05,Rabi,18614.01,2008,16230.45
Gram,Andhra Pradesh,14421.98,26762.09,1559.04,16.69,Rabi,15851.41,2008,27312.19
Groundnut,Karnataka,13647.1,17314.2,3484.01,4.71,Kharif,14454.9,2008,6406.85
Groundnut,Andhra Pradesh,21229.01,30434.61,2554.91,11.97,Kharif,20366.22,2008,26552.18
Groundnut,Tamil Nadu,22507.86,30393.66,2358.0,11.98,Kharif,20939.43,2008,25912.94
Groundnut,Gujarat,22951.28,30114.45,1918.92,13.45,Kharif,23431.59,2008,30894.1
Groundnut,Maharashtra,26078.66,32683.46,3207.35,9.33,Kharif,21880.2,2008,19292.85
Maize,Bihar,13513.92,19857.7,404.43,42.95,Kharif,28140.46,2008,128468.54
Maize,Karnataka,13792.85,20671.54,581.69,31.1,Kharif,12758.5,2008,40933.31
Maize,Rajasthan,14421.46,19810.29,658.77,23.56,Kharif,19626.37,2008,46980.63
Maize,Uttar Pradesh,15635.43,21045.11,1387.36,13.7,Kharif,43768.32,2008,64813.61
Maize,Andhra Pradesh,25687.09,37801.85,840.58,42.68,Kharif,25293.56,2008,114640.33
Moong,Orissa,5483.54,8266.98,2614.14,3.01,Kharif,30334.84,2008,8649.61
Moong,Rajasthan,6204.23,9165.59,2068.67,4.05,Kharif,16134.0,2008,6378.17
Moong,Karnataka,6440.64,7868.64,5777.48,1.32,Kharif,25284.29,2008,3219.81
Moong,Andhra Pradesh,6684.18,13209.32,2228.97,5.9,Kharif,29188.64,2008,18149.7
Moong,Maharashtra,10780.76,15371.45,2261.24,6.7,Kharif,12357.06,2008,7666.86
Paddy,Uttar Pradesh,17022.0,28144.5,732.62,36.61,Kharif,58540.85,2008,219157.38
Paddy,Orissa,17478.05,25909.05,715.04,32.42,Kharif,13140.43,2008,45039.88
Paddy,West Bengal,24731.06,33046.12,731.25,39.04,Kharif,11117.15,2008,46778.75
Paddy,Punjab,25154.75,45291.24,669.86,67.41,Kharif,57117.1,2008,377932.15
Paddy,Andhra Pradesh,29664.84,46450.2,789.9,56.0,Kharif,41814.26,2008,250042.06
Rapeseed And Mustard,Madhya Pradesh,8686.43,17705.93,1279.6,12.94,Rabi,45990.45,2008,55935.81
Rapeseed And Mustard,Rajasthan,11385.7,19259.84,1341.29,13.54,Rabi,19854.33,2008,28828.04
Rapeseed And Mustard,Uttar Pradesh,12774.41,22560.3,1595.56,13.57,Rabi,24579.29,2008,31451.18
Rapeseed And Mustard,Gujarat,13740.64,19083.55,1610.4,11.61,Rabi,31053.89,2008,35747.53
Rapeseed And Mustard,Haryana,14715.27,27507.54,1251.12,19.94,Rabi,28433.27,2008,60296.88
Sugarcane,Uttar Pradesh,24538.32,45239.51,93.64,448.89,Whole Year,27424.46,2008,1165792.29
Sugarcane,Karnataka,55655.44,86765.77,86.53,986.21,Whole Year,24846.83,2008,2355502.85
Sugarcane,Andhra Pradesh,56621.16,91442.63,119.72,757.92,Whole Year,10080.68,2008,802240.82
Sugarcane,Maharashtra,57673.6,85801.95,107.56,744.01,Whole Year,45663.1,2008,3565912.71
Sugarcane,Tamil Nadu,66335.06,89025.27,85.79,1015.45,Whole Year,14584.18,2008,1533385.94
Wheat,Madhya Pradesh,12464.4,22489.75,810.25,23.59,Rabi,40295.0,2008,99324.93
Wheat,Punjab,17945.58,35423.48,804.8,39.83,Rabi,28227.61,2008,114419.51
Wheat,Uttar Pradesh,18979.38,31902.74,769.84,34.99,Rabi,50960.55,2008,172127.82
Wheat,Rajasthan,19119.08,29876.36,683.58,37.19,Rabi,27214.48,2008,99411.66
Arhar,Uttar Pradesh,9794.05,23076.74,1941.55,9.83,Kharif,40432.5,2009,37827.43
Arhar,Karnataka,10593.15,16528.68,2172.46,7.47,Kharif,36901.73,2009,27833.15
Arhar,Gujarat,13468.82,19551.9,1898.3,9.59,Kharif,34150.2,2009,32599.61
Arhar,Andhra Pradesh,17051.66,24171.65,3670.54,6.42,Kharif,29569.61,2009,20591.08
Arhar,Maharashtra,17130.55,25270.26,2775.8,8.72,Kharif,16488.82,2009,14165.9
Cotton,Maharashtra,23711.44,33116.82,2539.47,12.69,Kharif,15814.59,2009,20560.52
Cotton,Punjab,29047.1,50828.83,2003.76,24.39,Kharif,16908.23,2009,42633.37
Cotton,Andhra Pradesh,29140.77,44756.72,2509.99,17.83,Kharif,39150.35,2009,64385.2
Cotton,Gujarat,29616.09,42070.44,2179.26,19.05,Kharif,29477.75,2009,58369.69
Cotton,Haryana,29918.97,44018.18,2127.35,19.9,Kharif,40290.66,2009,76333.58
Gram,Rajasthan,8552.69,12610.85,1691.66,6.83,Rabi,9050.96,2009,6756.67
Gram,Madhya Pradesh,9803.89,16873.17,1551.94,10.29,Rabi,53153.93,2009,51783.37
Gram,Uttar Pradesh,12833.04,21618.43,1882.68,10.93,Rabi,71122.26,2009,77319.37
Gram,Maharashtra,12985.95,18679.33,2277.68,8.05,Rabi,17947.97,2009,13514.23
Gram,Andhra Pradesh,14421.98,26762.09,1559.04,16.69,Rabi,15224.13,2009,27935.68
Groundnut,Karnataka,13647.1,17314.2,3484.01,4.71,Kharif,14418.62,2009,6861.76
Groundnut,Andhra Pradesh,21229.01,30434.61,2554.91,11.97,Kharif,18981.03,2009,23337.59
Groundnut,Tamil Nadu,22507.86,30393.66,2358.0,11.98,Kharif,20794.02,2009,23219.11
Groundnut,Gujarat,22951.28,30114.45,1918.92,13.45,Kharif,22574.9,2009,32033.0
Groundnut,Maharashtra,26078.66,32683.46,3207.35,9.33,Kharif,20624.15,2009,18429.98
Maize,Bihar,13513.92,19857.7,404.43,42.95,Kharif,27452.28,2009,127534.67
Maize,Karnataka,13792.85,20671.54,581.69,31.1,Kharif,12567.3,2009,37400.75
Maize,Rajasthan,14421.46,19810.29,658.77,23.56,Kharif,18661.55,2009,41958.38
Maize,Uttar Pradesh,15635.43,21045.11,1387.36,13.7,Kharif,43630.21,2009,55384.76
Maize,Andhra Pradesh,25687.09,37801.85,840.58,42.68,Kharif,26225.41,2009,112486.57
Moong,Orissa,5483.54,8266.98,2614.14,3.01,Kharif,31056.13,2009,9550.48
Moong,Rajasthan,6204.23,9165.59,2068.67,4.05,Kharif,15017.73,2009,5667.54
Moong,Karnataka,6440.64,7868.64,5777.48,1.32,Kharif,24161.28,2009,3379.35
Moong,Andhra Pradesh,6684.18,13209.32,2228.97,5.9,Kharif,30600.76,2009,18083.19
Moong,Maharashtra,10780.76,15371.45,2261.24,6.7,Kharif,11582.99,2009,7872.28
Paddy,Uttar Pradesh,17022.0,28144.5,732.62,36.61,Kharif,57153.54,2009,209100.45
Paddy,Orissa,17478.05,25909.05,715.04,32.42,Kharif,12996.91,2009,41804.68
Paddy,West Bengal,24731.06,33046.12,731.25,39.04,Kharif,11073.94,2009,44129.1
Paddy,Punjab,25154.75,45291.24,669.86,67.41,Kharif,57331.3,2009,366351.9
Paddy,Andhra Pradesh,29664.84,46450.2,789.9,56.0,Kharif,42863.28,2009,228692.04
Rapeseed And Mustard,Madhya Pradesh,8686.43,17705.93,1279.6,12.94,Rabi,48858.11,2009,67971.75
Rapeseed And Mustard,Rajasthan,11385.7,19259.84,1341.29,13.54,Rabi,19778.7,2009,29198.65
Rapeseed And Mustard,Uttar Pradesh,12774.41,22560.3,1595.56,13.57,Rabi,24929.65,2009,33396.37
Rapeseed And Mustard,Gujarat,13740.64,19083.55,1610.4,11.61,Rabi,32743.3,2009,36826.4
Rapeseed And Mustard,Haryana,14715.27,27507.54,1251.12,19.94,Rabi,28689.69,2009,59262.12
Sugarcane,Uttar Pradesh,24538.32,45239.51,93.64,448.89,Whole Year,28400.3,2009,1266666.45
Sugarcane,Karnataka,55655.44,86765.77,86.53,986.21,Whole Year,24560.68,2009,2239491.26
Sugarcane,Andhra Pradesh,56621.16,91442.63,119.72,757.92,Whole Year,10161.42,2009,730189.09
Sugarcane,Maharashtra,57673.6,85801.95,107.56,744.01,Whole Year,44158.38,2009,3446002.91
Sugarcane,Tamil Nadu,66335.06,89025.27,85.79,1015.45,Whole Year,13916.3,2009,1467686.44
Wheat,Madhya Pradesh,12464.4,22489.75,810.25,23.59,Rabi,40657.03,2009,88704.92
Wheat,Punjab,17945.58,35423.48,804.8,39.83,Rabi,29414.45,2009,112466.17
Wheat,Uttar Pradesh,18979.38,31902.74,769.84,34.99,Rabi,49964.37,2009,168110.9
Wheat,Rajasthan,19119.08,29876.36,683.58,37.19,Rabi,27210.24,2009,105337.87
Arhar,Uttar Pradesh,9794.05,23076.74,1941.55,9.83,Kharif,41768.4,2010,43944.22
Arhar,Karnataka,10593.15,16528.68,2172.46,7.47,Kharif,39463.78,2010,32344.62
Arhar,Gujarat,13468.82,19551.9,1898.3,9.59,Kharif,31851.45,2010,30992.25
Arhar,Andhra Pradesh,17051.66,24171.65,3670.54,6.42,Kharif,29253.68,2010,17858.76
Arhar,Maharashtra,17130.55,25270.26,2775.8,8.72,Kharif,16611.35,2010,14036.28
Cotton,Maharashtra,23711.44,33116.82,2539.47,12.69,Kharif,16232.46,2010,19019.26
Cotton,Punjab,29047.1,50828.83,2003.76,24.39,Kharif,17945.61,2010,47471.08
Cotton,Andhra Pradesh,29140.77,44756.72,2509.99,17.83,Kharif,39920.46,2010,66992.56
Cotton,Gujarat,29616.09,42070.44,2179.26,19.05,Kharif,28105.5,2010,54813.81
Cotton,Haryana,29918.97,44018.18,2127.35,19.9,Kharif,40148.28,2010,77444.69
Gram,Rajasthan,8552.69,12610.85,1691.66,6.83,Rabi,9023.97,2010,6285.11
Gram,Madhya Pradesh,9803.89,16873.17,1551.94,10.29,Rabi,54751.76,2010,58438.53
Gram,Uttar Pradesh,12833.04,21618.43,1882.68,10.93,Rabi,68352.79,2010,79890.97
Gram,Maharashtra,12985.95,18679.33,2277.68,8.05,Rabi,18660.43,2010,14378.06
Gram,Andhra Pradesh,14421.98,26762.09,1559.04,16.69,Rabi,15329.57,2010,23588.89
Groundnut,Karnataka,13647.1,17314.2,3484.01,4.71,Kharif,13302.51,2010,5918.62
Groundnut,Andhra Pradesh,21229.01,30434.61,2554.91,11.97,Kharif,20785.37,2010,26920.34
Groundnut,Tamil Nadu,22507.86,30393.66,2358.0,11.98,Kharif,20905.32,2010,26980.52
Groundnut,Gujarat,22951.28,30114.45,1918.92,13.45,Kharif,24301.18,2010,33585.05
Groundnut,Maharashtra,26078.66,32683.46,3207.35,9.33,Kharif,21532.28,2010,20654.0
Maize,Bihar,13513.92,19857.7,404.43,42.95,Kharif,27462.77,2010,122636.09
Maize,Karnataka,13792.85,20671.54,581.69,31.1,Kharif,12516.02,2010,37039.57
Maize,Rajasthan,14421.46,19810.29,658.77,23.56,Kharif,19510.84,2010,49856.12
Maize,Uttar Pradesh,15635.43,21045.11,1387.36,13.7,Kharif,42956.63,2010,58578.62
Maize,Andhra Pradesh,25687.09,37801.85,840.58,42.68,Kharif,26197.75,2010,110578.14
Moong,Orissa,5483.54,8266.98,2614.14,3.01,Kharif,32056.33,2010,9778.3
Moong,Rajasthan,6204.23,9165.59,2068.67,4.05,Kharif,15683.8,2010,5897.48
Moong,Karnataka,6440.64,7868.64,5777.48,1.32,Kharif,25309.48,2010,3173.58
Moong,Andhra Pradesh,6684.18,13209.32,2228.97,5.9,Kharif,29567.74,2010,18366.86
Moong,Maharashtra,10780.76,15371.45,2261.24,6.7,Kharif,11845.48,2010,7419.84
Paddy,Uttar Pradesh,17022.0,28144.5,732.62,36.61,Kharif,54878.84,2010,206650.95
Paddy,Orissa,17478.05,25909.05,715.04,32.42,Kharif,13755.33,2010,42996.63
Paddy,West Bengal,24731.06,33046.12,731.25,39.04,Kharif,11505.8,2010,44472.75
Paddy,Punjab,25154.75,45291.24,669.86,67.41,Kharif,55042.35,2010,360638.31
Paddy,Andhra Pradesh,29664.84,46450.2,789.9,56.0,Kharif,44662.4,2010,246112.96
Rapeseed And Mustard,Madhya Pradesh,8686.43,17705.93,1279.6,12.94,Rabi,48749.6,2010,66200.02
Rapeseed And Mustard,Rajasthan,11385.7,19259.84,1341.29,13.54,Rabi,18655.16,2010,24589.26
Rapeseed And Mustard,Uttar Pradesh,12774.41,22560.3,1595.56,13.57,Rabi,26036.04,2010,36106.52
Rapeseed And Mustard,Gujarat,13740.64,19083.55,1610.4,11.61,Rabi,32891.79,2010,38404.62
Rapeseed And Mustard,Haryana,14715.27,27507.54,1251.12,19.94,Rabi,27387.01,2010,56764.64
Sugarcane,Uttar Pradesh,24538.32,45239.51,93.64,448.89,Whole Year,27861.69,2010,1361530.66
Sugarcane,Karnataka,55655.44,86765.77,86.53,986.21,Whole Year,23362.43,2010,2423519.87
Sugarcane,Andhra Pradesh,56621.16,91442.63,119.72,757.92,Whole Year,10672.49,2010,775473.55
Sugarcane,Maharashtra,57673.6,85801.95,107.56,744.01,Whole Year,48557.25,2010,3343969.32
Sugarcane,Tamil Nadu,66335.06,89025.27,85.79,1015.45,Whole Year,14878.73,2010,1461315.78
Wheat,Madhya Pradesh,12464.4,22489.75,810.25,23.59,Rabi,40384.06,2010,97849.04
Wheat,Punjab,17945.58,35423.48,804.8,39.83,Rabi,30077.9,2010,111325.2
Wheat,Uttar Pradesh,18979.38,31902.74,769.84,34.99,Rabi,52968.31,2010,187068.25
Wheat,Rajasthan,19119.08,29876.36,683.58,37.19,Rabi,27717.63,2010,105909.58
Arhar,Uttar Pradesh,9794.05,23076.74,1941.55,9.83,Kharif,41275.77,2011,43382.0
Arhar,Karnataka,10593.15,16528.68,2172.46,7.47,Kharif,40151.74,2011,27793.68
Arhar,Gujarat,13468.82,19551.9,1898.3,9.59,Kharif,34105.2,2011,33600.72
Arhar,Andhra Pradesh,17051.66,24171.65,3670.54,6.42,Kharif,29297.29,2011,18082.87
Arhar,Maharashtra,17130.55,25270.26,2775.8,8.72,Kharif,16106.89,2011,13226.4
Cotton,Maharashtra,23711.44,33116.82,2539.47,12.69,Kharif,16855.46,2011,19974.69
Cotton,Punjab,29047.1,50828.83,2003.76,24.39,Kharif,18397.1,2011,46904.6
Cotton,Andhra Pradesh,29140.77,44756.72,2509.99,17.83,Kharif,40051.35,2011,70067.41
Cotton,Gujarat,29616.09,42070.44,2179.26,19.05,Kharif,29163.84,2011,58360.42
Cotton,Haryana,29918.97,44018.18,2127.35,19.9,Kharif,37611.3,2011,69739.27
Gram,Rajasthan,8552.69,12610.85,1691.66,6.83,Rabi,9191.97,2011,6132.16
Gram,Madhya Pradesh,9803.89,16873.17,1551.94,10.29,Rabi,52265.03,2011,54700.82
Gram,Uttar Pradesh,12833.04,21618.43,1882.68,10.93,Rabi,73043.32,2011,84812.56
Gram,Maharashtra,12985.95,18679.33,2277.68,8.05,Rabi,18770.31,2011,14768.24
Gram,Andhra Pradesh,14421.98,26762.09,1559.04,16.69,Rabi,15713.18,2011,27081.83
Groundnut,Karnataka,13647.1,17314.2,3484.01,4.71,Kharif,13886.54,2011,7060.38
Groundnut,Andhra Pradesh,21229.01,30434.61,2554.91,11.97,Kharif,19415.33,2011,23957.23
Groundnut,Tamil Nadu,22507.86,30393.66,2358.0,11.98,Kharif,20991.47,2011,24190.47
Groundnut,Gujarat,22951.28,30114.45,1918.92,13.45,Kharif,22604.2,2011,28103.97
Groundnut,Maharashtra,26078.66,32683.46,3207.35,9.33,Kharif,20970.33,2011,21064.37
Maize,Bihar,13513.92,19857.7,404.43,42.95,Kharif,29148.37,2011,115656.17
Maize,Karnataka,13792.85,20671.54,581.69,31.1,Kharif,12277.0,2011,41138.48
Maize,Rajasthan,14421.46,19810.29,658.77,23.56,Kharif,17977.68,2011,42999.58
Maize,Uttar Pradesh,15635.43,21045.11,1387.36,13.7,Kharif,43951.08,2011,65573.87
Maize,Andhra Pradesh,25687.09,37801.85,840.58,42.68,Kharif,26394.05,2011,119834.72
Moong,Orissa,5483.54,8266.98,2614.14,3.01,Kharif,32905.06,2011,10891.18
Moong,Rajasthan,6204.23,9165.59,2068.67,4.05,Kharif,16149.49,2011,6430.19
Moong,Karnataka,6440.64,7868.64,5777.48,1.32,Kharif,23657.99,2011,3304.27
Moong,Andhra Pradesh,6684.18,13209.32,2228.97,5.9,Kharif,30012.25,2011,17571.72
Moong,Maharashtra,10780.76,15371.45,2261.24,6.7,Kharif,12164.24,2011,8202.02
Paddy,Uttar Pradesh,17022.0,28144.5,732.62,36.61,Kharif,57559.28,2011,217668.1
Paddy,Orissa,17478.05,25909.05,715.04,32.42,Kharif,12661.78,2011,44221.05
Paddy,West Bengal,24731.06,33046.12,731.25,39.04,Kharif,11364.54,2011,48676.77
Paddy,Punjab,25154.75,45291.24,669.86,67.41,Kharif,56109.88,2011,400283.82
Paddy,Andhra Pradesh,29664.84,46450.2,789.9,56.0,Kharif,42554.1,2011,237158.63
Rapeseed And Mustard,Madhya Pradesh,8686.43,17705.93,1279.6,12.94,Rabi,46933.99,2011,60480.19
Rapeseed And Mustard,Rajasthan,11385.7,19259.84,1341.29,13.54,Rabi,19449.81,2011,27724.61
Rapeseed And Mustard,Uttar Pradesh,12774.41,22560.3,1595.56,13.57,Rabi,26067.44,2011,34063.98
Rapeseed And Mustard,Gujarat,13740.64,19083.55,1610.4,11.61,Rabi,30289.62,2011,33052.24
Rapeseed And Mustard,Haryana,14715.27,27507.54,1251.12,19.94,Rabi,29810.08,2011,58480.25
Sugarcane,Uttar Pradesh,24538.32,45239.51,93.64,448.89,Whole Year,26681.86,2011,1163830.1
Sugarcane,Karnataka,55655.44,86765.77,86.53,986.21,Whole Year,22962.21,2011,2204172.77
Sugarcane,Andhra Pradesh,56621.16,91442.63,119.72,757.92,Whole Year,10635.99,2011,775530.1
Sugarcane,Maharashtra,57673.6,85801.95,107.56,744.01,Whole Year,48485.8,2011,3346133.04
Sugarcane,Tamil Nadu,66335.06,89025.27,85.79,1015.45,Whole Year,14761.72,2011,1383883.23
Wheat,Madhya Pradesh,12464.4,22489.75,810.25,23.59,Rabi,41741.64,2011,108097.77
Wheat,Punjab,17945.58,35423.48,804.8,39.83,Rabi,29477.62,2011,117057.03
Wheat,Uttar Pradesh,18979.38,31902.74,769.84,34.99,Rabi,51464.49,2011,178125.63
Wheat,Rajasthan,19119.08,29876.36,683.58,37.19,Rabi,27062.41,2011,104906.07
Arhar,Uttar Pradesh,9794.05,23076.74,1941.55,9.83,Kharif,43660.98,2012,42640.7
Arhar,Karnataka,10593.15,16528.68,2172.46,7.47,Kharif,36912.77,2012,27217.69
Arhar,Gujarat,13468.82,19551.9,1898.3,9.59,Kharif,34021.26,2012,31541.75
Arhar,Andhra Pradesh,17051.66,24171.65,3670.54,6.42,Kharif,30677.79,2012,20684.14
Arhar,Maharashtra,17130.55,25270.26,2775.8,8.72,Kharif,16992.68,2012,14954.79
Cotton,Maharashtra,23711.44,33116.82,2539.47,12.69,Kharif,15982.98,2012,18955.7
Cotton,Punjab,29047.1,50828.83,2003.76,24.39,Kharif,17847.36,2012,41772.55
Cotton,Andhra Pradesh,29140.77,44756.72,2509.99,17.83,Kharif,41918.33,2012,77953.22
Cotton,Gujarat,29616.09,42070.44,2179.26,19.05,Kharif,27690.57,2012,49253.36
Cotton,Haryana,29918.97,44018.18,2127.35,19.9,Kharif,40607.87,2012,86726.32
Gram,Rajasthan,8552.69,12610.85,1691.66,6.83,Rabi,8926.25,2012,6152.27
Gram,Madhya Pradesh,9803.89,16873.17,1551.94,10.29,Rabi,51385.14,2012,53219.29
Gram,Uttar Pradesh,12833.04,21618.43,1882.68,10.93,Rabi,68554.37,2012,76925.57
Gram,Maharashtra,12985.95,18679.33,2277.68,8.05,Rabi,18878.54,2012,16237.36
Gram,Andhra Pradesh,14421.98,26762.09,1559.04,16.69,Rabi,14873.12,2012,24391.45
Groundnut,Karnataka,13647.1,17314.2,3484.01,4.71,Kharif,13982.9,2012,6862.84
Groundnut,Andhra Pradesh,21229.01,30434.61,2554.91,11.97,Kharif,19645.21,2012,24028.7
Groundnut,Tamil Nadu,22507.86,30393.66,2358.0,11.98,Kharif,21955.48,2012,25462.69
Groundnut,Gujarat,22951.28,30114.45,1918.92,13.45,Kharif,22197.85,2012,32189.46
Groundnut,Maharashtra,26078.66,32683.46,3207.35,9.33,Kharif,22453.52,2012,22280.17
Maize,Bihar,13513.92,19857.7,404.43,42.95,Kharif,29698.2,2012,132467.31
Maize,Karnataka,13792.85,20671.54,581.69,31.1,Kharif,13048.2,2012,43546.48
Maize,Rajasthan,14421.46,19810.29,658.77,23.56,Kharif,19278.93,2012,48878.3
Maize,Uttar Pradesh,15635.43,21045.11,1387.36,13.7,Kharif,40428.75,2012,58018.58
Maize,Andhra Pradesh,25687.09,37801.85,840.58,42.68,Kharif,26074.99,2012,119151.94
Moong,Orissa,5483.54,8266.98,2614.14,3.01,Kharif,30055.1,2012,9458.61
Moong,Rajasthan,6204.23,9165.59,2068.67,4.05,Kharif,14652.58,2012,6186.06
Moong,Karnataka,6440.64,7868.64,5777.48,1.32,Kharif,24024.13,2012,3270.6
Moong,Andhra Pradesh,6684.18,13209.32,2228.97,5.9,Kharif,30292.48,2012,18864.29
Moong,Maharashtra,10780.76,15371.45,2261.24,6.7,Kharif,12178.67,2012,7739.88
Paddy,Uttar Pradesh,17022.0,28144.5,732.62,36.61,Kharif,57487.44,2012,226994.69
Paddy,Orissa,17478.05,25909.05,715.04,32.42,Kharif,13044.77,2012,45544.68
Paddy,West Bengal,24731.06,33046.12,731.25,39.04,Kharif,10767.21,2012,38893.67
Paddy,Punjab,25154.75,45291.24,669.86,67.41,Kharif,60568.25,2012,436318.5
Paddy,Andhra Pradesh,29664.84,46450.2,789.9,56.0,Kharif,43439.7,2012,229444.19
Rapeseed And Mustard,Madhya Pradesh,8686.43,17705.93,1279.6,12.94,Rabi,46533.77,2012,59029.76
Rapeseed And Mustard,Rajasthan,11385.7,19259.84,1341.29,13.54,Rabi,18622.49,2012,26572.2
Rapeseed And Mustard,Uttar Pradesh,12774.41,22560.3,1595.56,13.57,Rabi,26622.72,2012,34282.27
Rapeseed And Mustard,Gujarat,13740.64,19083.55,1610.4,11.61,Rabi,32191.33,2012,39886.95
Rapeseed And Mustard,Haryana,14715.27,27507.54,1251.12,19.94,Rabi,27923.68,2012,59565.39
Sugarcane,Uttar Pradesh,24538.32,45239.51,93.64,448.89,Whole Year,26181.26,2012,1188582.85
Sugarcane,Karnataka,55655.44,86765.77,86.53,986.21,Whole Year,24276.07,2012,2205351.83
Sugarcane,Andhra Pradesh,56621.16,91442.63,119.72,757.92,Whole Year,10396.18,2012,765622.26
Sugarcane,Maharashtra,57673.6,85801.95,107.56,744.01,Whole Year,45321.36,2012,3476643.06
Sugarcane,Tamil Nadu,66335.06,89025.27,85.79,1015.45,Whole Year,14888.13,2012,1657876.93
Wheat,Madhya Pradesh,12464.4,22489.75,810.25,23.59,Rabi,39075.65,2012,95288.34
Wheat,Punjab,17945.58,35423.48,804.8,39.83,Rabi,28830.59,2012,111015.75
Wheat,Uttar Pradesh,18979.38,31902.74,769.84,34.99,Rabi,53475.57,2012,193495.44
Wheat,Rajasthan,19119.08,29876.36,683.58,37.19,Rabi,28001.68,2012,105929.15
Arhar,Uttar Pradesh,9794.05,23076.74,1941.55,9.83,Kharif,42389.62,2013,43124.69
Arhar,Karnataka,10593.15,16528.68,2172.46,7.47,Kharif,36904.89,2013,27335.47
Arhar,Gujarat,13468.82,19551.9,1898.3,9.59,Kharif,32300.53,2013,30027.06
Arhar,Andhra Pradesh,17051.66,24171.65,3670.54,6.42,Kharif,32038.55,2013,22566.3
Arhar,Maharashtra,17130.55,25270.26,2775.8,8.72,Kharif,15660.14,2013,13569.34
Cotton,Maharashtra,23711.44,33116.82,2539.47,12.69,Kharif,16237.97,2013,22273.79
Cotton,Punjab,29047.1,50828.83,2003.76,24.39,Kharif,17821.88,2013,41789.36
Cotton,Andhra Pradesh,29140.77,44756.72,2509.99,17.83,Kharif,40995.89,2013,70051.88
Cotton,Gujarat,29616.09,42070.44,2179.26,19.05,Kharif,29008.81,2013,51150.53
Cotton,Haryana,29918.97,44018.18,2127.35,19.9,Kharif,36999.44,2013,76375.25
Gram,Rajasthan,8552.69,12610.85,1691.66,6.83,Rabi,8609.58,2013,5799.99
Gram,Madhya Pradesh,9803.89,16873.17,1551.94,10.29,Rabi,53801.24,2013,59545.94
Gram,Uttar Pradesh,12833.04,21618.43,1882.68,10.93,Rabi,67063.83,2013,73680.3
Gram,Maharashtra,12985.95,18679.33,2277.68,8.05,Rabi,18217.32,2013,16047.48
Gram,Andhra Pradesh,14421.98,26762.09,1559.04,16.69,Rabi,14820.03,2013,23581.86
Groundnut,Karnataka,13647.1,17314.2,3484.01,4.71,Kharif,13284.47,2013,6734.72
Groundnut,Andhra Pradesh,21229.01,30434.61,2554.91,11.97,Kharif,19747.05,2013,25050.43
Groundnut,Tamil Nadu,22507.86,30393.66,2358.0,11.98,Kharif,20896.42,2013,26505.05
Groundnut,Gujarat,22951.28,30114.45,1918.92,13.45,Kharif,23411.25,2013,33757.2
Groundnut,Maharashtra,26078.66,32683.46,3207.35,9.33,Kharif,22059.35,2013,21754.19
Maize,Bihar,13513.92,19857.7,404.43,42.95,Kharif,29207.92,2013,129552.63
Maize,Karnataka,13792.85,20671.54,581.69,31.1,Kharif,12090.07,2013,35480.38
Maize,Rajasthan,14421.46,19810.29,658.77,23.56,Kharif,18183.91,2013,39664.81
Maize,Uttar Pradesh,15635.43,21045.11,1387.36,13.7,Kharif,40321.62,2013,59977.65
Maize,Andhra Pradesh,25687.09,37801.85,840.58,42.68,Kharif,25765.31,2013,113374.98
Moong,Orissa,5483.54,8266.98,2614.14,3.01,Kharif,32206.82,2013,10308.64
Moong,Rajasthan,6204.23,9165.59,2068.67,4.05,Kharif,14667.14,2013,5979.84
Moong,Karnataka,6440.64,7868.64,5777.48,1.32,Kharif,25522.28,2013,3170.56
Moong,Andhra Pradesh,6684.18,13209.32,2228.97,5.9,Kharif,28968.19,2013,16109.06
Moong,Maharashtra,10780.76,15371.45,2261.24,6.7,Kharif,11906.99,2013,8323.93
Paddy,Uttar Pradesh,17022.0,28144.5,732.62,36.61,Kharif,57632.89,2013,210457.04
Paddy,Orissa,17478.05,25909.05,715.04,32.42,Kharif,13602.27,2013,42162.39
Paddy,West Bengal,24731.06,33046.12,731.25,39.04,Kharif,11252.45,2013,44302.4
Paddy,Punjab,25154.75,45291.24,669.86,67.41,Kharif,59440.82,2013,373266.35
Paddy,Andhra Pradesh,29664.84,46450.2,789.9,56.0,Kharif,43060.14,2013,247106.09
Rapeseed And Mustard,Madhya Pradesh,8686.43,17705.93,1279.6,12.94,Rabi,48233.25,2013,60442.72
Rapeseed And Mustard,Rajasthan,11385.7,19259.84,1341.29,13.54,Rabi,18461.56,2013,26585.77
Rapeseed And Mustard,Uttar Pradesh,12774.41,22560.3,1595.56,13.57,Rabi,26881.34,2013,35597.59
Rapeseed And Mustard,Gujarat,13740.64,19083.55,1610.4,11.61,Rabi,31729.99,2013,36909.97
Rapeseed And Mustard,Haryana,14715.27,27507.54,1251.12,19.94,Rabi,29637.25,2013,54492.55
Sugarcane,Uttar Pradesh,24538.32,45239.51,93.64,448.89,Whole Year,27192.01,2013,1138889.82
Sugarcane,Karnataka,55655.44,86765.77,86.53,986.21,Whole Year,24188.03,2013,2363141.0
Sugarcane,Andhra Pradesh,56621.16,91442.63,119.72,757.92,Whole Year,10265.02,2013,782977.07
Sugarcane,Maharashtra,57673.6,85801.95,107.56,744.01,Whole Year,47446.77,2013,3628942.63
Sugarcane,Tamil Nadu,66335.06,89025.27,85.79,1015.45,Whole Year,13649.84,2013,1347954.98
Wheat,Madhya Pradesh,12464.4,22489.75,810.25,23.59,Rabi,38708.39,2013,95431.01
Wheat,Punjab,17945.58,35423.48,804.8,39.83,Rabi,28292.92,2013,121122.45
Wheat,Uttar Pradesh,18979.38,31902.74,769.84,34.99,Rabi,49460.81,2013,183511.76
Wheat,Rajasthan,19119.08,29876.36,683.58,37.19,Rabi,29277.76,2013,100949.76
Arhar,Uttar Pradesh,9794.05,23076.74,1941.55,9.83,Kharif,43977.57,2014,41477.35
Arhar,Karnataka,10593.15,16528.68,2172.46,7.47,Kharif,38393.19,2014,31423.09
Arhar,Gujarat,13468.82,19551.9,1898.3,9.59,Kharif,32317.72,2014,30392.71
Arhar,Andhra Pradesh,17051.66,24171.65,3670.54,6.42,Kharif,31684.41,2014,19380.9
Arhar,Maharashtra,17130.55,25270.26,2775.8,8.72,Kharif,16151.92,2014,14959.76
Cotton,Maharashtra,23711.44,33116.82,2539.47,12.69,Kharif,16263.84,2014,21434.8
Cotton,Punjab,29047.1,50828.83,2003.76,24.39,Kharif,17365.82,2014,42765.03
Cotton,Andhra Pradesh,29140.77,44756.72,2509.99,17.83,Kharif,40555.84,2014,73754.78
Cotton,Gujarat,29616.09,42070.44,2179.26,19.05,Kharif,27866.51,2014,55711.12
Cotton,Haryana,29918.97,44018.18,2127.35,19.9,Kharif,38482.99,2014,73603.82
Gram,Rajasthan,8552.69,12610.85,1691.66,6.83,Rabi,9172.91,2014,6887.47
Gram,Madhya Pradesh,9803.89,16873.17,1551.94,10.29,Rabi,52407.15,2014,59074.97
Gram,Uttar Pradesh,12833.04,21618.43,1882.68,10.93,Rabi,71042.88,2014,80527.47
Gram,Maharashtra,12985.95,18679.33,2277.68,8.05,Rabi,18170.27,2014,13982.27
Gram,Andhra Pradesh,14421.98,26762.09,1559.04,16.69,Rabi,15970.83,2014,27786.6
Groundnut,Karnataka,13647.1,17314.2,3484.01,4.71,Kharif,13357.0,2014,5869.61
Groundnut,Andhra Pradesh,21229.01,30434.61,2554.91,11.97,Kharif,20890.14,2014,23143.02
Groundnut,Tamil Nadu,22507.86,30393.66,2358.0,11.98,Kharif,21592.93,2014,24998.71
Groundnut,Gujarat,22951.28,30114.45,1918.92,13.45,Kharif,22640.4,2014,30550.98
Groundnut,Maharashtra,26078.66,32683.46,3207.35,9.33,Kharif,20725.83,2014,20812.42
Maize,Bihar,13513.92,19857.7,404.43,42.95,Kharif,27419.17,2014,123758.46
Maize,Karnataka,13792.85,20671.54,581.69,31.1,Kharif,12488.45,2014,40924.24
Maize,Rajasthan,14421.46,19810.29,658.77,23.56,Kharif,18502.76,2014,43443.8
Maize,Uttar Pradesh,15635.43,21045.11,1387.36,13.7,Kharif,43362.42,2014,58353.14
Maize,Andhra Pradesh,25687.09,37801.85,840.58,42.68,Kharif,25242.85,2014,106312.96
Moong,Orissa,5483.54,8266.98,2614.14,3.01,Kharif,30762.34,2014,10164.83
Moong,Rajasthan,6204.23,9165.59,2068.67,4.05,Kharif,15568.19,2014,5846.23
Moong,Karnataka,6440.64,7868.64,5777.48,1.32,Kharif,24961.18,2014,3545.5
Moong,Andhra Pradesh,6684.18,13209.32,2228.97,5.9,Kharif,29317.16,2014,17715.05
Moong,Maharashtra,10780.76,15371.45,2261.24,6.7,Kharif,11463.88,2014,7672.74
Paddy,Uttar Pradesh,17022.0,28144.5,732.62,36.61,Kharif,53837.08,2014,207060.12
Paddy,Orissa,17478.05,25909.05,715.04,32.42,Kharif,13425.78,2014,43857.2
Paddy,West Bengal,24731.06,33046.12,731.25,39.04,Kharif,11197.06,2014,47088.7
Paddy,Punjab,25154.75,45291.24,669.86,67.41,Kharif,57553.47,2014,419830.33
Paddy,Andhra Pradesh,29664.84,46450.2,789.9,56.0,Kharif,45268.93,2014,252469.11
Rapeseed And Mustard,Madhya Pradesh,8686.43,17705.93,1279.6,12.94,Rabi,48190.44,2014,60477.01
Rapeseed And Mustard,Rajasthan,11385.7,19259.84,1341.29,13.54,Rabi,19435.19,2014,27015.84
Rapeseed And Mustard,Uttar Pradesh,12774.41,22560.3,1595.56,13.57,Rabi,26812.69,2014,39449.35
Rapeseed And Mustard,Gujarat,13740.64,19083.55,1610.4,11.61,Rabi,30650.75,2014,34088.05
Rapeseed And Mustard,Haryana,14715.27,27507.54,1251.12,19.94,Rabi,27611.0,2014,56825.51
Sugarcane,Uttar Pradesh,24538.32,45239.51,93.64,448.89,Whole Year,26693.19,2014,1238588.02
Sugarcane,Karnataka,55655.44,86765.77,86.53,986.21,Whole Year,22789.5,2014,2364305.36
Sugarcane,Andhra Pradesh,56621.16,91442.63,119.72,757.92,Whole Year,10269.9,2014,734539.81
Sugarcane,Maharashtra,57673.6,85801.95,107.56,744.01,Whole Year,48397.48,2014,3776715.59
Sugarcane,Tamil Nadu,66335.06,89025.27,85.79,1015.45,Whole Year,13589.6,2014,1495355.92
Wheat,Madhya Pradesh,12464.4,22489.75,810.25,23.59,Rabi,38958.44,2014,87523.14
Wheat,Punjab,17945.58,35423.48,804.8,39.83,Rabi,28888.25,2014,110776.74
Wheat,Uttar Pradesh,18979.38,31902.74,769.84,34.99,Rabi,53425.7,2014,204667.66
Wheat,Rajasthan,19119.08,29876.36,683.58,37.19,Rabi,27709.32,2014,98163.86
